Model,RMSE
SARIMA,18764.75319050594
LSTM,8556.05305159246
